Workbook

Sheet Executive Summary
A1: Supply Chain SLA Risk & Profit Protection
A3: Order-level operational view | 65,752 orders | modeled opportunities require pilot validation
A5: Total Orders | C5: SLA Breach Rate | E5: High-Value Profit Exposure | G5: Top-5 Lane Breach Share
A6: ='KPI Data'!A2 -> 65752 | C6: ='KPI Data'!C2/100 -> 0.5733 | E6: ='KPI Data'!F2 -> 2314448.4 | G6: ='KPI Data'!G2/100 -> 0.4121
A10: Management Readout
A11: High-value orders receive no measurable SLA advantage. Second Class is the clearest operational recovery opportunity, while five high-variability market-mode segments concentrate 41.21% of grouped breaches. Prioritize a one-day Second Class pilot, a high-value routing guardrail, and lane-specific stabilization.
A15: ='Profit Priority'!B2 -> Highest profit | B15: ='Profit Priority'!H2 -> 2314448.4 | D15: ='Shipping Modes'!A2 -> First Class | E15: ='Shipping Modes'!D2/100 -> 1
A16: ='Profit Priority'!B3 -> Upper-middle profit | B16: ='Profit Priority'!H3 -> 1069576.9 | D16: ='Shipping Modes'!A3 -> Second Class | E16: ='Shipping Modes'!D3/100 -> 0.7993
A17: ='Profit Priority'!B4 -> Lower-middle profit | B17: ='Profit Priority'!H4 -> 363901.77 | D17: ='Shipping Modes'!A4 -> Same Day | E17: ='Shipping Modes'!D4/100 -> 0.4836
A18: ='Profit Priority'!B5 -> Lowest profit | B18: ='Profit Priority'!H5 -> 5401.44 | D18: ='Shipping Modes'!A5 -> Standard Class | E18: ='Shipping Modes'!D5/100 -> 0.3987

Sheet Data Quality
A1: Data Quality & Reconciliation
A3: Controls confirm grain, completeness, and agreement across independently aggregated marts
A5: Control | B5: Observed | C5: Expected | D5: Status
A6: Order count: executive vs customer segments | B6: =SUM('Customer Segments'!B2:B4) -> 65752 | C6: ='KPI Data'!A2 -> 65752 | D6: =IF(ABS(B6-C6)<0.01,"PASS","REVIEW") -> PASS
A7: Order count: executive vs profit quartiles | B7: =SUM('Profit Priority'!C2:C5) -> 65752 | C7: ='KPI Data'!A2 -> 65752 | D7: =IF(ABS(B7-C7)<0.01,"PASS","REVIEW") -> PASS
A8: Profit: executive vs market analysis | B8: =SUM('Market Analysis'!D2:D6) -> 3966903 | C8: ='KPI Data'!D2 -> 3966903 | D8: =IF(ABS(B8-C8)<0.01,"PASS","REVIEW") -> PASS
A9: Profit: executive vs customer segments | B9: =SUM('Customer Segments'!F2:F4) -> 3966903 | C9: ='KPI Data'!D2 -> 3966903 | D9: =IF(ABS(B9-C9)<0.01,"PASS","REVIEW") -> PASS
A10: Profit exposure: executive vs profit quartiles | B10: =SUM('Profit Priority'!H2:H5) -> 3753328.4 | C10: ='KPI Data'!E2 -> 3753328.4 | D10: =IF(ABS(B10-C10)<0.01,"PASS","REVIEW") -> PASS
A11: Negative profit exposure rows | B11: =COUNTIF('Operational Lanes'!I2:I20,"<0") -> 0 | C11: =0 -> 0 | D11: =IF(ABS(B11-C11)<0.01,"PASS","REVIEW") -> PASS
A12: Opportunity scenarios have caveats | B12: =COUNTIF('Opportunity Scenarios'!F2:F4,"<>") -> 3 | C12: =3 -> 3 | D12: =IF(ABS(B12-C12)<0.01,"PASS","REVIEW") -> PASS
A14: Validated Model Facts
A15: Source order-item rows | B15: 180519
A16: Distinct orders | B16: 65752
A17: Average items per order | B17: 2.75
A18: Missing SLA flags | B18: 0
A19: MAX vs SUM disagreement orders | B19: 45742
A20: Dimension stability exceptions | B20: 0

Sheet KPI Data
A1: total_orders | B1: breached_orders | C1: breach_rate_pct | D1: total_profit | E1: total_profit_at_risk | F1: high_value_profit_at_risk | G1: top_5_unstable_lane_breach_share_pct
A2: 65752 | B2: 37698 | C2: 57.33 | D2: 3966903 | E2: 3753328.4 | F2: 2314448.4 | G2: 41.21

Sheet Profit Priority
A1: profit_quartile | B1: profit_tier | C1: order_count | D1: breach_count | E1: breach_rate_pct | F1: avg_delay_days | G1: total_profit | H1: profit_at_risk
A2: 1 | B2: Highest profit | C2: 16438 | D2: 9339 | E2: 56.81 | F2: 0.55 | G2: 4086711 | H2: 2314448.4
A3: 2 | B3: Upper-middle profit | C3: 16438 | D3: 9495 | E3: 57.76 | F3: 0.58 | G3: 1849628.2 | H3: 1069576.9
A4: 3 | B4: Lower-middle profit | C4: 16438 | D4: 9388 | E4: 57.11 | F4: 0.55 | G4: 636187.47 | H4: 363901.77
A5: 4 | B5: Lowest profit | C5: 16438 | D5: 9476 | E5: 57.65 | F5: 0.58 | G5: -2605623.7 | H5: 5401.44

Sheet Shipping Modes
A1: shipping_mode | B1: order_count | C1: breach_count | D1: breach_rate_pct | E1: avg_scheduled_days | F1: avg_actual_days | G1: avg_delay_days | H1: profit_at_risk | I1: performance_band | J1: interpretation_note
A2: First Class | B2: 10079 | C2: 10079 | D2: 100 | E2: 1 | F2: 2 | G2: 1 | H2: 1026725.5 | I2: High risk | J2: Structural SLA artifact - disclose separately; do not treat as operational variability
A3: Second Class | B3: 12778 | C3: 10213 | D3: 79.93 | E3: 2 | F3: 4 | G3: 2 | H3: 1014589.2 | I3: High risk | J3: Primary service-promise concern
A4: Same Day | B4: 3571 | C4: 1727 | D4: 48.36 | E4: 0 | F4: 0.48 | G4: 0.48 | H4: 157352.69 | I4: Stable | J4: Operational comparison
A5: Standard Class | B5: 39324 | C5: 15679 | D5: 39.87 | E5: 4 | F5: 4 | G5: 0 | H5: 1554661 | I5: Stable | J5: Operational comparison

Sheet Operational Lanes
A1: market | B1: shipping_mode | C1: order_count | D1: breach_count | E1: breach_rate_pct | F1: breach_share_pct | G1: avg_delay_days | H1: delay_sd | I1: profit_at_risk | J1: profit_risk_rank | K1: variability_priority_rank | L1: action_category
A2: Europe | B2: Standard Class | C2: 11075 | D2: 4417 | E2: 39.88 | F2: 11.75 | G2: -0.01 | H2: 1.42 | I2: 465247.74 | J2: 1 | K2: 1 | L2: Stabilize
A3: Europe | B3: Second Class | C3: 3609 | D3: 2886 | E3: 79.97 | F3: 7.68 | G3: 2.01 | H3: 1.42 | I3: 303644.63 | J3: 5 | K3: 2 | L3: Protect
A4: LATAM | B4: Second Class | C4: 3307 | D4: 2624 | E4: 79.35 | F4: 6.98 | G4: 1.99 | H4: 1.42 | I4: 277052.94 | J4: 7 | K4: 3 | L4: Protect
A5: Pacific Asia | B5: Standard Class | C5: 10481 | D5: 4219 | E5: 40.25 | F5: 11.23 | G5: 0.01 | H5: 1.42 | I5: 354965.89 | J5: 3 | K5: 4 | L5: Stabilize
A6: USCA | B6: Second Class | C6: 1678 | D6: 1341 | E6: 79.92 | F6: 3.57 | G6: 1.99 | H6: 1.42 | I6: 143942.57 | J6: 11 | K6: 5 | L6: Stabilize
A7: LATAM | B7: Standard Class | C7: 10323 | D7: 4072 | E7: 39.45 | F7: 10.83 | G7: -0.01 | H7: 1.41 | I7: 427166.73 | J7: 2 | K7: 6 | L7: Stabilize
A8: Africa | B8: Second Class | C8: 715 | D8: 573 | E8: 80.14 | F8: 1.52 | G8: 1.98 | H8: 1.41 | I8: 56477.4 | J8: 15 | K8: 7 | L8: Stabilize
A9: USCA | B9: Standard Class | C9: 5097 | D9: 2032 | E9: 39.87 | F9: 5.41 | G9: 0 | H9: 1.41 | I9: 208452.86 | J9: 10 | K9: 8 | L9: Monitor
A10: Africa | B10: Standard Class | C10: 2348 | D10: 939 | E10: 39.99 | F10: 2.5 | G10: 0.01 | H10: 1.41 | I10: 98827.77 | J10: 13 | K10: 9 | L10: Maintain
A11: Pacific Asia | B11: Second Class | C11: 3469 | D11: 2789 | E11: 80.4 | F11: 7.42 | G11: 2.01 | H11: 1.4 | I11: 233471.68 | J11: 8 | K11: 10 | L11: Protect
A12: LATAM | B12: Same Day | C12: 913 | D12: 470 | E12: 51.48 | F12: 1.25 | G12: 0.51 | H12: 0.5 | I12: 42977.9 | J12: 17 | K12: 11 | L12: Monitor
A13: Europe | B13: Same Day | C13: 999 | D13: 480 | E13: 48.05 | F13: 1.28 | G13: 0.48 | H13: 0.5 | I13: 47960.83 | J13: 16 | K13: 12 | L13: Monitor
... A20: Africa | B20: First Class | C20: 557 | D20: 557 | E20: 100 | F20: 1.48 | G20: 1 | H20: 0 | I20: 60050.09 | J20: 14 | K20: 19 | L20: Review SLA Definition

Sheet Market Analysis
A1: market | B1: order_count | C1: revenue | D1: profit | E1: margin_pct | F1: breach_rate_pct | G1: volume_share_pct | H1: profit_share_pct | I1: efficiency_gap_pct | J1: profit_at_risk
A2: LATAM | B2: 17181 | C2: 9235762.1 | D2: 1123321.6 | E2: 12.16 | F2: 57.06 | G2: 26.13 | H2: 28.32 | I2: 2.19 | J2: 1031698.8
A3: Europe | B3: 18561 | C3: 9769198.3 | D3: 1169443 | E3: 11.97 | F3: 57.44 | G3: 28.23 | H3: 29.48 | I3: 1.25 | J3: 1126756
A4: USCA | B4: 8579 | C4: 4553499.9 | D4: 564313.78 | E4: 12.39 | F4: 57.34 | G4: 13.05 | H4: 14.23 | I4: 1.18 | J4: 511873.07
A5: Africa | B5: 3854 | C5: 2061679.4 | D5: 252071.18 | E5: 12.23 | F5: 56.62 | G5: 5.86 | H5: 6.35 | I5: 0.49 | J5: 226663.32
A6: Pacific Asia | B6: 17577 | C6: 7434262.7 | D6: 857753.44 | E6: 11.54 | F6: 57.64 | G6: 26.73 | H6: 21.62 | I6: -5.11 | J6: 856337.29

Sheet Customer Segments
A1: customer_segment | B1: order_count | C1: breach_count | D1: breach_rate_pct | E1: revenue | F1: profit | G1: profit_at_risk | H1: volume_share_pct | I1: profit_share_pct
A2: Consumer | B2: 34119 | C2: 19542 | D2: 57.28 | E2: 17164278 | F2: 2073487.7 | G2: 1953558.9 | H2: 51.89 | I2: 52.27
A3: Corporate | B3: 19856 | C3: 11359 | D3: 57.21 | E3: 10030650 | F3: 1202575 | G3: 1134846.6 | H3: 30.2 | I3: 30.32
A4: Home Office | B4: 11777 | C4: 6797 | D4: 57.71 | E4: 5859474.1 | F4: 690840.34 | G4: 664922.92 | H4: 17.91 | I4: 17.42

Sheet Opportunity Scenarios
A1: scenario | B1: orders_in_scope | C1: breaches_or_avoidable_breaches | D1: profit_exposure | E1: supporting_metric | F1: caveat
A2: Scenario 1: One-Day Second Class Recovery | B2: 12778 | C2: 2531 | D2: 253000.87 | E2: 2531 | F2: Modeled: reduce actual Second Class delivery time by 1 day. Requires operational pilot validation -- not a realized saving.
A3: Scenario 2: High-Value Routing Guardrail | B3: 3159 | C3: 1256 | D3: 626948.33 | E3: 2516 | F3: Modeled routing scenario: assumes Q1 Second Class orders would match Standard Class breach rate if rerouted. Not proven savings -- requires pilot validation.
A4: Scenario 3: Top-Five Operational-Lane Stabilization | B4: 30150 | C4: 3097 | D4: 308970.75 | F4: Modeled: 20% relative breach reduction across the 5 lanes ranked highest by variability_priority_rank. Requires pilot validation -- not a realized saving.

Sheet Monthly Trends
A1: order_month | B1: order_count | C1: breach_count | D1: breach_rate_pct | E1: profit_at_risk | F1: breach_rate_mom_change | G1: par_mom_change
A2: 2015-01-01 | B2: 1787 | C2: 1001 | D2: 56.02 | E2: 104251.01
A3: 2015-02-01 | B3: 1585 | C3: 918 | D3: 57.92 | E3: 94651.66 | F3: 1.9 | G3: -9599.35
A4: 2015-03-01 | B4: 1781 | C4: 1024 | D4: 57.5 | E4: 99991.83 | F4: -0.42 | G4: 5340.17
A5: 2015-04-01 | B5: 1710 | C5: 972 | D5: 56.84 | E5: 101200.4 | F5: -0.66 | G5: 1208.57
A6: 2015-05-01 | B6: 1776 | C6: 1025 | D6: 57.71 | E6: 108003.51 | F6: 0.87 | G6: 6803.11
A7: 2015-06-01 | B7: 1725 | C7: 979 | D7: 56.75 | E7: 102289.88 | F7: -0.96 | G7: -5713.63
A8: 2015-07-01 | B8: 1763 | C8: 1002 | D8: 56.83 | E8: 104826.74 | F8: 0.08 | G8: 2536.86
A9: 2015-08-01 | B9: 1762 | C9: 1010 | D9: 57.32 | E9: 104750.03 | F9: 0.49 | G9: -76.71
A10: 2015-09-01 | B10: 1706 | C10: 985 | D10: 57.74 | E10: 107924.11 | F10: 0.42 | G10: 3174.08
A11: 2015-10-01 | B11: 1775 | C11: 1015 | D11: 57.18 | E11: 103680.66 | F11: -0.56 | G11: -4243.45
A12: 2015-11-01 | B12: 1729 | C12: 981 | D12: 56.74 | E12: 101319.43 | F12: -0.44 | G12: -2361.23
A13: 2015-12-01 | B13: 1805 | C13: 1030 | D13: 57.06 | E13: 105767.11 | F13: 0.32 | G13: 4447.68
A14: 2016-01-01 | B14: 1772 | C14: 1038 | D14: 58.58 | E14: 102899.83 | F14: 1.52 | G14: -2867.28
... A38: 2018-01-01 | B38: 2123 | C38: 1246 | D38: 58.69 | E38: 43351.24 | F38: 0.54 | G38: -22587.05

Sheet SLA Promise Gap
A1: shipping_mode | B1: order_count | C1: breach_count | D1: breach_rate_pct | E1: avg_scheduled_days | F1: avg_actual_days | G1: p50_actual_days | H1: p90_actual_days | I1: avg_promise_gap | J1: realigned_sla_days | K1: profit_at_risk | L1: root_cause
A2: First Class | B2: 10079 | C2: 10079 | D2: 100 | E2: 1 | F2: 2 | G2: 2 | H2: 2 | I2: 1 | J2: 2 | K2: 1026725.5 | L2: Promise miscalibration - SLA commitment is systematically too aggressive
A3: Second Class | B3: 12778 | C3: 10213 | D3: 79.93 | E3: 2 | F3: 4 | G3: 4 | H3: 6 | I3: 2 | J3: 6 | K3: 1014589.2 | L3: Promise miscalibration - SLA commitment is systematically too aggressive
A4: Same Day | B4: 3571 | C4: 1727 | D4: 48.36 | E4: 0 | F4: 0.48 | G4: 0 | H4: 1 | I4: 0.48 | J4: 1 | K4: 157352.69 | L4: Operational variability - delivery times vary widely around the promise
A5: Standard Class | B5: 39324 | C5: 15679 | D5: 39.87 | E5: 4 | F5: 4 | G5: 4 | H5: 6 | I5: 0 | J5: 6 | K5: 1554661 | L5: Acceptable performance

Sheet Data Dictionary
A1: Data Dictionary | H1: Action Category | I1: Operational Meaning
H2: Protect | I2: High profit exposure and high breach risk
H3: Stabilize | I3: High delivery variability requiring process control
A4: Field | B4: Definition | C4: Grain | D4: Business Use | H4: Monitor | I4: Elevated exposure on one priority dimension
A5: order_id | B5: Unique order identifier | C5: Order | D5: Order counting and reconciliation | H5: Maintain | I5: Lower relative exposure and variability
A6: order_profit | B6: Sum of item-level profit within an order | C6: Order | D6: Value segmentation | H6: Review SLA Definition | I6: Structural First Class pattern; review promise logic separately
A7: profit_at_risk | B7: Positive order profit where SLA was breached | C7: Order | D7: Recoverable exposure
A8: sla_breached | B8: Actual delivery exceeded scheduled delivery | C8: Order | D8: Service performance
A9: delay_days | B9: Actual minus scheduled delivery days | C9: Order | D9: Delay severity and variability
A10: operational lane | B10: Market x shipping-mode segment | C10: Segment | D10: Intervention prioritization
A11: variability_priority_rank | B11: Deterministic lane rank by delay SD and tie-breakers | C11: Lane | D11: Top-five instability claims
A12: action_category | B12: Protect, Stabilize, Monitor, Maintain, or Review SLA Definition | C12: Lane | D12: Decision workflow
A13: modeled opportunity | B13: Scenario result under a stated assumption | C13: Scenario | D13: Pilot sizing; not realized savings
A14: profit quartile | B14: NTILE(4) ordered by summed order profit descending | C14: Order | D14: Value-aware service comparison
